,employer_type,ratio
0,幼教与中小学校,0.09998333333333333
1,上市企业,0.10012666666666667
2,政府机构,0.25815333333333335
3,世界五百强,0.053706666666666666
4,高等教育机构,0.03368666666666666
5,普通企业,0.4543433333333333
